timestamp_seconds,event,x,y,velocity_x,velocity_y,action,info
86.326,session_start,392.0,624.0,0.0,0.0,,
86.372,jump_peak_reached,392.0,624.0,0.0,37.037036895752,jump_peak,x_392.0_y_624.0
86.415,platform_landed,392.0,638.988403320312,0.0,0.0,land_on_platform,platform_scene-1/Tile Map/21_36_layer_Tile Map_tile_21_36_source_1_atlas_2_0
86.415,landed,392.0,638.988403320312,0.0,0.0,land,surface_wood_impact_0.51851849365234
87.044,move_left_pressed,392.0,638.988403320312,-33.3333320617676,0.0,Move_Left,pressed
87.576,move_right_pressed,378.832489013672,638.92578125,33.3333320617676,0.0,Move_Right,pressed
87.59,jump_input_pressed,379.388031005859,638.92578125,66.6666641235352,0.0,Jump,pressed
87.59,jump_executed,379.388031005859,638.92578125,66.6666641235352,-500.0,jump,x_379.388031005859_y_638.92578125
87.858,jump_input_released,401.175262451172,546.502014160156,150.0,-174.222106933594,Jump,released
87.957,jump_peak_reached,404.786376953125,541.710327148438,0.0,41.2037048339844,jump_peak,x_404.786376953125_y_541.710327148438
88.141,platform_landed,404.786376953125,584.99658203125,0.0,0.0,land_on_platform,platform_scene-1/Tile Map/22_33_layer_Tile Map_tile_22_33_source_1_atlas_1_0
88.142,landed,404.786376953125,584.99658203125,0.0,0.0,land,surface_wood_impact_0.89722235107422
88.174,move_right_pressed,404.786376953125,584.99658203125,33.3333320617676,0.0,Move_Right,pressed
88.275,jump_input_pressed,416.119689941406,584.99658203125,180.0,0.0,Jump,pressed
88.275,jump_executed,416.119689941406,584.99658203125,180.0,-500.0,jump,x_416.119689941406_y_584.99658203125
88.49,jump_input_released,455.139831542969,503.269348144531,180.0,-234.222106933594,Jump,released
88.591,jump_peak_reached,468.973175048828,498.477691650391,0.0,41.2037048339844,jump_peak,x_468.973175048828_y_498.477691650391
88.757,coin_collected,468.973175048828,533.122741699219,0.0,374.537078857422,collect_coin,coin_coin_score_1
88.792,platform_landed,468.973175048828,548.960998535156,0.0,0.0,land_on_platform,platform_scene-1/Tile Map/25_31_layer_Tile Map_tile_25_31_source_1_atlas_1_0
88.792,landed,468.973175048828,548.960998535156,0.0,0.0,land,surface_wood_impact_0.97129644775391
88.894,move_right_pressed,468.973175048828,548.960998535156,33.3333320617676,0.0,Move_Right,pressed
88.966,jump_input_pressed,474.528717041016,548.928771972656,166.666656494141,0.0,Jump,pressed
88.966,jump_executed,474.528717041016,548.928771972656,166.666656494141,-500.0,jump,x_474.528717041016_y_548.928771972656
89.217,jump_input_released,519.307739257812,459.753723144531,180.0,-194.166549682617,Jump,released
89.316,jump_peak_reached,527.141052246094,454.962066650391,0.0,41.2037048339844,jump_peak,x_527.141052246094_y_454.962066650391
89.482,platform_landed,527.141052246094,494.992980957031,0.0,0.0,land_on_platform,platform_scene-1/Tile Map/29_28_layer_Tile Map_tile_29_28_source_1_atlas_2_0
89.482,landed,527.141052246094,494.992980957031,0.0,0.0,land,surface_wood_impact_0.82314825439453
89.866,jump_input_pressed,527.141052246094,494.992980957031,0.0,0.0,Jump,pressed
89.867,jump_executed,527.141052246094,494.992980957031,0.0,-500.0,jump,x_527.141052246094_y_494.992980957031
90.051,move_right_pressed,527.141052246094,422.098693847656,15.0,-274.499877929688,Move_Right,pressed
90.216,jump_input_released,540.891052246094,391.209838867188,165.0,-75.3332214355469,Jump,released
90.299,jump_peak_reached,545.002136230469,388.404296875,0.0,45.0371475219727,jump_peak,x_545.002136230469_y_388.404296875
90.45,platform_landed,545.002136230469,422.998504638672,0.0,0.0,land_on_platform,platform_scene-1/Tile Map/30_24_layer_Tile Map_tile_30_24_source_1_atlas_1_0
90.45,landed,545.002136230469,422.998504638672,0.0,0.0,land,surface_wood_impact_0.75674102783203
90.615,move_right_pressed,545.002136230469,422.998504638672,33.3333320617676,0.0,Move_Right,pressed
90.985,jump_input_pressed,548.613220214844,422.998504638672,0.0,0.0,Jump,pressed
90.985,jump_executed,548.613220214844,422.998504638672,0.0,-500.0,jump,x_548.613220214844_y_422.998504638672
91.118,move_right_pressed,548.613220214844,365.878082275391,15.0,-335.333251953125,Move_Right,pressed
91.351,jump_input_released,574.113220214844,317.934631347656,180.0,-55.722110748291,Jump,released
91.416,jump_peak_reached,578.946533203125,316.303161621094,0.0,43.8149261474609,jump_peak,x_578.946533203125_y_316.303161621094
91.583,platform_landed,578.946533203125,353.999053955078,0.0,0.0,land_on_platform,platform_scene-1/Tile Map/32_20_layer_Tile Map_tile_32_20_source_1_atlas_18_3
91.583,landed,578.946533203125,353.999053955078,0.0,0.0,land,surface_wood_impact_0.82837066650391
91.59,sonification,578.946533203125,353.999053955078,0.0,0.0,osc_received,"value_[1, ""leaves""]"
91.702,move_right_pressed,578.946533203125,353.999053955078,33.3333320617676,0.0,Move_Right,pressed
91.851,jump_input_pressed,599.270690917969,353.926849365234,180.0,0.0,Jump,pressed
91.852,jump_executed,599.270690917969,353.926849365234,180.0,-500.0,jump,x_599.270690917969_y_353.926849365234
92.0,jump_input_released,626.273620605469,291.265899658203,180.0,-314.999908447266,Jump,released
92.1,jump_peak_reached,644.273620605469,286.474243164062,180.0,41.2037048339844,jump_peak,x_644.273620605469_y_286.474243164062
92.266,coin_collected,674.273620605469,321.119323730469,180.0,374.537078857422,collect_coin,coin_coin3_score_2
92.283,platform_landed,680.273620605469,332.933654785156,180.0,0.0,land_on_platform,platform_scene-1/Tile Map/37_19_layer_Tile Map_tile_37_19_source_1_atlas_1_0
92.283,landed,680.273620605469,332.933654785156,180.0,0.0,land,surface_wood_impact_0.89722235107422
92.651,move_left_pressed,688.10693359375,332.933654785156,-33.3333320617676,0.0,Move_Left,pressed
92.733,jump_input_pressed,679.773620605469,332.925262451172,-180.0,0.0,Jump,pressed
92.733,jump_executed,679.773620605469,332.925262451172,-180.0,-500.0,jump,x_679.773620605469_y_332.925262451172
92.932,jump_input_released,643.773254394531,259.069274902344,-180.0,37.037036895752,Jump,released
92.949,jump_peak_reached,640.772094726562,259.686798095703,-180.0,74.0740737915039,jump_peak,x_640.772094726562_y_259.686798095703
93.216,platform_landed,611.938781738281,354.338592529297,0.0,0.0,land_on_platform,platform_scene-1/Tile Map/33_20_layer_Tile Map_tile_33_20_source_1_atlas_19_3
93.216,landed,611.938781738281,354.338592529297,0.0,0.0,land,surface_wood_impact_1.33333349609375
93.218,sonification,611.938781738281,354.338592529297,0.0,0.0,osc_received,"value_[1, ""leaves""]"
93.465,move_left_pressed,611.938781738281,354.338592529297,-33.3333320617676,0.0,Move_Left,pressed
93.717,jump_input_pressed,573.665649414062,353.937194824219,-180.0,0.0,Jump,pressed
93.718,jump_executed,573.665649414062,353.937194824219,-180.0,-500.0,jump,x_573.665649414062_y_353.937194824219
93.884,jump_peak_reached,543.663879394531,295.683868408203,-180.0,74.0740737915039,jump_peak,x_543.663879394531_y_295.683868408203
94.232,jump_input_released,498.324890136719,451.239410400391,-165.0,851.851989746094,Jump,released
94.336,platform_landed,477.574890136719,548.93115234375,-180.0,0.0,land_on_platform,platform_scene-1/Tile Map/26_31_layer_Tile Map_tile_26_31_source_1_atlas_2_0
94.336,landed,477.574890136719,548.93115234375,-180.0,0.0,land,surface_wood_impact_2.1481484375
94.768,move_right_pressed,475.741546630859,548.93115234375,33.3333320617676,0.0,Move_Right,pressed
94.802,jump_input_pressed,477.408203125,548.93115234375,100.0,0.0,Jump,pressed
94.802,jump_executed,477.408203125,548.93115234375,100.0,-500.0,jump,x_477.408203125_y_548.93115234375
95.05,jump_input_released,518.159362792969,459.753845214844,180.0,-194.166549682617,Jump,released
95.149,jump_peak_reached,525.99267578125,454.962188720703,0.0,41.2037048339844,jump_peak,x_525.99267578125_y_454.962188720703
95.317,platform_landed,525.99267578125,494.993103027344,0.0,0.0,land_on_platform,platform_scene-1/Tile Map/29_28_layer_Tile Map_tile_29_28_source_1_atlas_2_0
95.317,landed,525.99267578125,494.993103027344,0.0,0.0,land,surface_wood_impact_0.82314825439453
95.401,move_left_pressed,525.99267578125,494.993103027344,-33.3333320617676,0.0,Move_Left,pressed
95.5,jump_input_pressed,514.659362792969,494.932952880859,-180.0,0.0,Jump,pressed
95.5,jump_executed,514.659362792969,494.932952880859,-180.0,-500.0,jump,x_514.659362792969_y_494.932952880859
95.9,platform_landed,472.466857910156,387.830810546875,-75.0,-18.0554447174072,land_on_platform,platform_scene-1/Tile Map/25_22_layer_Tile Map_tile_25_22_source_1_atlas_3_0
95.9,landed,472.466857910156,387.830810546875,-75.0,-18.0554447174072,land,surface_wood_impact_0.03611088943481
95.965,jump_peak_reached,465.915588378906,386.810546875,-171.66667175293,39.8149261474609,jump_peak,x_465.915588378906_y_386.810546875
95.966,platform_landed,463.054473876953,386.933807373047,-171.66667175293,0.0,land_on_platform,platform_scene-1/Tile Map/25_22_layer_Tile Map_tile_25_22_source_1_atlas_3_0
95.966,landed,463.054473876953,386.933807373047,-171.66667175293,0.0,land,surface_wood_impact_0.07962985229492
96.049,coin_collected,451.054473876953,386.933807373047,-180.0,0.0,collect_coin,coin_coin2_score_3
96.101,jump_input_released,442.054473876953,386.92529296875,-180.0,0.0,Jump,released
96.584,jump_input_pressed,425.221130371094,386.92529296875,0.0,0.0,Jump,pressed
96.584,jump_executed,425.221130371094,386.92529296875,0.0,-500.0,jump,x_425.221130371094_y_386.92529296875
96.599,move_right_pressed,425.221130371094,378.589904785156,15.0,-479.222198486328,Move_Right,pressed
96.934,jump_input_released,468.721130371094,283.201049804688,180.0,-75.3332214355469,Jump,released
97.016,jump_peak_reached,473.554473876953,280.3955078125,0.0,45.0371475219727,jump_peak,x_473.554473876953_y_280.3955078125
97.168,platform_landed,473.554473876953,314.989715576172,0.0,0.0,land_on_platform,platform_scene-1/Tile Map/26_18_layer_Tile Map_tile_26_18_source_1_atlas_2_0
97.168,landed,473.554473876953,314.989715576172,0.0,0.0,land,surface_wood_impact_0.75674102783203
97.449,move_left_pressed,473.554473876953,314.989715576172,-33.3333320617676,0.0,Move_Left,pressed
97.484,jump_input_pressed,471.887817382812,314.989715576172,-100.0,0.0,Jump,pressed
97.485,jump_executed,471.887817382812,314.989715576172,-100.0,-500.0,jump,x_471.887817382812_y_314.989715576172
97.799,jump_input_released,419.126861572266,214.744873046875,-180.0,-114.722114562988,Jump,released
97.899,jump_peak_reached,414.293518066406,209.953201293945,0.0,41.2037048339844,jump_peak,x_414.293518066406_y_209.953201293945
98.099,platform_landed,414.293518066406,263.993530273438,0.0,0.0,land_on_platform,platform_scene-1/Tile Map/22_15_layer_Tile Map_tile_22_15_source_1_atlas_13_6
98.1,landed,414.293518066406,263.993530273438,0.0,0.0,land,surface_wood_impact_0.97129644775391
98.101,sonification,414.293518066406,263.993530273438,0.0,0.0,osc_received,"value_[1, ""water-tube""]"
98.534,move_left_pressed,414.293518066406,263.993530273438,-33.3333320617676,0.0,Move_Left,pressed
98.783,move_right_pressed,392.126770019531,263.950408935547,33.3333320617676,0.0,Move_Right,pressed
99.032,jump_input_pressed,405.293426513672,263.950408935547,0.0,0.0,Jump,pressed
99.032,jump_executed,405.293426513672,263.950408935547,0.0,-500.0,jump,x_405.293426513672_y_263.950408935547
99.117,move_left_pressed,405.293426513672,232.66716003418,-15.0,-417.22216796875,Move_Left,pressed
99.466,jump_peak_reached,355.793426513672,157.106964111328,-180.0,39.8149261474609,jump_peak,x_355.793426513672_y_157.106964111328
99.466,jump_input_released,355.793426513672,157.106964111328,-180.0,39.8149261474609,Jump,released
99.617,platform_landed,350.960083007812,188.994033813477,0.0,0.0,land_on_platform,platform_scene-1/Tile Map/19_11_layer_Tile Map_tile_19_11_source_1_atlas_3_0
99.617,landed,350.960083007812,188.994033813477,0.0,0.0,land,surface_wood_impact_0.74629656982422
99.767,move_right_pressed,350.960083007812,188.994033813477,33.3333320617676,0.0,Move_Right,pressed
99.767,jump_input_pressed,350.960083007812,188.994033813477,33.3333320617676,0.0,Jump,pressed
99.767,jump_executed,350.960083007812,188.994033813477,33.3333320617676,-500.0,jump,x_350.960083007812_y_188.994033813477
100.199,jump_peak_reached,415.769561767578,82.1046905517578,180.0,39.8149261474609,jump_peak,x_415.769561767578_y_82.1046905517578
100.317,jump_input_released,436.769561767578,99.7127304077148,180.0,299.074188232422,Jump,released
100.416,coin_collected,450.602905273438,138.879409790039,13.3333311080933,484.259429931641,collect_coin,coin_coin5_score_4
100.433,platform_landed,450.602905273438,152.983810424805,0.0,0.0,land_on_platform,platform_scene-1/Tile Map/24_9_layer_Tile Map_tile_24_9_source_1_atlas_1_0
100.433,landed,450.602905273438,152.983810424805,0.0,0.0,land,surface_wood_impact_1.1166669921875
100.632,move_left_pressed,450.602905273438,152.983810424805,-33.3333320617676,0.0,Move_Left,pressed
100.783,move_right_pressed,437.436248779297,152.931747436523,33.3333320617676,0.0,Move_Right,pressed
101.999,move_right_pressed,459.602905273438,152.931747436523,33.3333320617676,0.0,Move_Right,pressed
101.999,jump_input_pressed,459.602905273438,152.931747436523,33.3333320617676,0.0,Jump,pressed
101.999,jump_executed,459.602905273438,152.931747436523,33.3333320617676,-500.0,jump,x_459.602905273438_y_152.931747436523
102.432,jump_peak_reached,524.408813476562,46.0963668823242,180.0,39.8149261474609,jump_peak,x_524.408813476562_y_46.0963668823242
102.449,jump_input_released,527.408813476562,46.7599487304688,180.0,76.8519668579102,Jump,released
102.599,move_left_pressed,532.242126464844,80.5099716186523,-15.0,410.185333251953,Move_Left,pressed
102.6,platform_landed,531.992126464844,80.9329528808594,-15.0,0.0,land_on_platform,platform_scene-1/Tile Map/29_5_layer_Tile Map_tile_29_5_source_1_atlas_2_0
102.6,landed,531.992126464844,80.9329528808594,-15.0,0.0,land,surface_wood_impact_0.82037066650391
102.766,move_right_pressed,517.603271484375,80.9329528808594,33.3333320617676,0.0,Move_Right,pressed
102.932,jump_input_pressed,540.936584472656,80.925163269043,180.0,0.0,Jump,pressed
102.933,jump_executed,540.936584472656,80.925163269043,180.0,-500.0,jump,x_540.936584472656_y_80.925163269043
103.332,jump_input_released,612.936950683594,-25.6498336791992,180.0,-16.6665554046631,Jump,released
103.366,jump_peak_reached,617.548034667969,-25.8581638336182,13.3333311080933,41.2038154602051,jump_peak,x_617.548034667969_y_-25.8581638336182
103.6,platform_landed,617.770263671875,47.0894165039062,0.0,0.0,land_on_platform,platform_scene-1/Tile Map/34_3_layer_Tile Map_tile_34_3_source_1_atlas_14_0
103.6,landed,617.770263671875,47.0894165039062,0.0,0.0,land,surface_wood_impact_1.11944482421875
103.666,move_right_pressed,617.770263671875,47.0894165039062,33.3333320617676,0.0,Move_Right,pressed
103.674,sonification,618.325744628906,47.0454292297363,33.3333320617676,0.0,osc_received,"value_[1, ""mushrooms""]"
103.801,jump_input_pressed,635.103515625,47.0454292297363,180.0,0.0,Jump,pressed
103.801,jump_executed,635.103515625,47.0454292297363,180.0,-500.0,jump,x_635.103515625_y_47.0454292297363
103.802,sonification,638.104309082031,38.7089309692383,180.0,-500.055541992188,osc_received,"value_[1, ""mushrooms""]"
103.882,jump_input_released,639.937622070312,8.81633758544922,0.0,-396.666595458984,Jump,released
103.982,jump_peak_reached,639.937622070312,4.02467060089111,0.0,41.2037048339844,jump_peak,x_639.937622070312_y_4.02467060089111
104.167,platform_landed,639.937622070312,47.091854095459,0.0,0.0,land_on_platform,platform_scene-1/Tile Map/35_3_layer_Tile Map_tile_35_3_source_1_atlas_13_0
104.167,landed,639.937622070312,47.091854095459,0.0,0.0,land,surface_wood_impact_0.89722235107422
104.266,move_left_pressed,639.937622070312,47.091854095459,-33.3333320617676,0.0,Move_Left,pressed
104.267,sonification,639.382141113281,47.059928894043,-33.3333320617676,0.0,osc_received,"value_[1, ""mushrooms""]"
104.35,sonification,633.548828125,47.059928894043,0.0,0.0,osc_received,"value_[1, ""mushrooms""]"
104.466,jump_input_pressed,633.548828125,47.059928894043,0.0,0.0,Jump,pressed
104.467,jump_executed,633.548828125,47.059928894043,0.0,-500.0,jump,x_633.548828125_y_47.059928894043
104.668,move_right_pressed,633.548828125,-30.3795795440674,15.0,-254.333206176758,Move_Right,pressed
104.883,jump_input_released,656.048828125,-59.8341827392578,180.0,2.77788853645325,Jump,released
104.899,jump_peak_reached,659.048828125,-59.7878837585449,96.6666641235352,39.8149261474609,jump_peak,x_659.048828125_y_-59.7878837585449
105.049,platform_landed,660.882141113281,-27.0019493103027,0.0,0.0,land_on_platform,platform_scene-1/Tile Map/36_-1_layer_Tile Map_tile_36_-1_source_1_atlas_13_7
105.049,landed,660.882141113281,-27.0019493103027,0.0,0.0,land,surface_wood_impact_0.74629656982422
105.051,sonification,660.882141113281,-27.0019493103027,0.0,0.0,osc_received,"value_[1, ""cloud""]"
105.116,move_left_pressed,660.882141113281,-27.0019493103027,-33.3333320617676,0.0,Move_Left,pressed
105.199,jump_input_pressed,652.548828125,-27.0019493103027,-180.0,0.0,Jump,pressed
105.199,jump_executed,652.548828125,-27.0019493103027,-180.0,-500.0,jump,x_652.548828125_y_-27.0019493103027
105.433,jump_input_released,610.528259277344,-112.646957397461,-180.0,-214.166549682617,Jump,released
105.533,jump_peak_reached,592.528259277344,-117.438621520996,-180.0,41.2037048339844,jump_peak,x_592.528259277344_y_-117.438621520996
105.733,platform_landed,572.694946289062,-63.0188827514648,0.0,0.0,land_on_platform,platform_scene-1/Tile Map/31_-3_layer_Tile Map_tile_31_-3_source_1_atlas_2_0
105.733,landed,572.694946289062,-63.0188827514648,0.0,0.0,land,surface_wood_impact_0.97129644775391
109.232,move_left_pressed,572.694946289062,-63.0188827514648,-33.3333320617676,0.0,Move_Left,pressed
109.272,jump_input_pressed,571.0283203125,-63.0188827514648,-100.0,0.0,Jump,pressed
109.272,jump_executed,571.0283203125,-63.0188827514648,-100.0,-500.0,jump,x_571.0283203125_y_-63.0188827514648
109.633,jump_input_released,509.268676757812,-168.065765380859,-180.0,-55.722110748291,Jump,released
109.699,jump_peak_reached,504.435333251953,-169.697235107422,0.0,43.8149261474609,jump_peak,x_504.435333251953_y_-169.697235107422
109.866,coin_collected,504.435333251953,-134.616958618164,0.0,377.148284912109,collect_coin,coin_coin9_score_5
109.9,platform_landed,504.435333251953,-117.014724731445,0.0,0.0,land_on_platform,platform_scene-1/Tile Map/27_-6_layer_Tile Map_tile_27_-6_source_1_atlas_2_0
109.9,landed,504.435333251953,-117.014724731445,0.0,0.0,land,surface_wood_impact_0.97651885986328
110.234,jump_input_pressed,504.435333251953,-117.014724731445,0.0,0.0,Jump,pressed
110.234,jump_executed,504.435333251953,-117.014724731445,0.0,-500.0,jump,x_504.435333251953_y_-117.014724731445
110.283,move_left_pressed,504.435333251953,-141.036865234375,-15.0,-437.833282470703,Move_Left,pressed
110.667,jump_peak_reached,474.57470703125,-223.89794921875,-180.0,39.8149261474609,jump_peak,x_474.57470703125_y_-223.89794921875
110.683,jump_input_released,471.57470703125,-223.234359741211,-96.6666641235352,76.8519668579102,Jump,released
110.768,platform_landed,469.741363525391,-207.023483276367,0.0,0.0,land_on_platform,platform_scene-1/Tile Map/26_-11_layer_Tile Map_tile_26_-11_source_1_atlas_3_0
110.769,landed,469.741363525391,-207.023483276367,0.0,0.0,land,surface_wood_impact_0.52407427978516
111.387,move_left_pressed,469.741363525391,-207.023483276367,-33.3333320617676,0.0,Move_Left,pressed
111.588,jump_input_pressed,440.408813476562,-207.074203491211,-180.0,0.0,Jump,pressed
111.588,jump_executed,440.408813476562,-207.074203491211,-180.0,-500.0,jump,x_440.408813476562_y_-207.074203491211
111.733,jump_peak_reached,413.40673828125,-262.315582275391,-180.0,74.0740737915039,jump_peak,x_413.40673828125_y_-262.315582275391
111.834,jump_input_released,395.40673828125,-245.64892578125,-180.0,296.296295166016,Jump,released
111.834,platform_landed,392.406707763672,-243.066696166992,-180.0,0.0,land_on_platform,platform_scene-1/Tile Map/21_-13_layer_Tile Map_tile_21_-13_source_1_atlas_3_0
111.834,landed,392.406707763672,-243.066696166992,-180.0,0.0,land,surface_wood_impact_0.59259259033203
112.102,move_left_pressed,390.573364257812,-243.066696166992,-33.3333320617676,0.0,Move_Left,pressed
112.284,jump_input_pressed,374.406707763672,-243.074798583984,0.0,0.0,Jump,pressed
112.284,jump_executed,374.406707763672,-243.074798583984,0.0,-500.0,jump,x_374.406707763672_y_-243.074798583984
112.3,move_right_pressed,374.406707763672,-251.410110473633,15.0,-479.222198486328,Move_Right,pressed
112.633,jump_input_released,417.906707763672,-346.798950195312,96.6666641235352,-75.3332214355469,Jump,released
112.716,jump_peak_reached,419.740051269531,-349.6044921875,0.0,45.0371475219727,jump_peak,x_419.740051269531_y_-349.6044921875
112.834,move_right_pressed,419.740051269531,-331.38720703125,15.0,304.296417236328,Move_Right,pressed
112.917,platform_landed,424.990051269531,-297.066284179688,90.0,0.0,land_on_platform,platform_scene-1/Tile Map/23_-16_layer_Tile Map_tile_23_-16_source_1_atlas_2_0
112.917,landed,424.990051269531,-297.066284179688,90.0,0.0,land,surface_wood_impact_0.97896331787109
112.983,jump_input_pressed,432.656707763672,-297.066284179688,180.0,0.0,Jump,pressed
112.983,jump_executed,432.656707763672,-297.066284179688,180.0,-500.0,jump,x_432.656707763672_y_-297.066284179688
113.251,jump_input_released,480.659393310547,-389.495971679688,180.0,-174.222106933594,Jump,released
113.351,jump_peak_reached,498.659393310547,-394.287628173828,180.0,41.2037048339844,jump_peak,x_498.659393310547_y_-394.287628173828
113.533,platform_landed,534.672058105469,-348.84619140625,180.0,0.0,land_on_platform,platform_scene-1/Tile Map/29_-19_layer_Tile Map_tile_29_-19_source_1_atlas_12_0
113.533,landed,534.672058105469,-348.84619140625,180.0,0.0,land,surface_wood_impact_0.89722235107422
113.534,sonification,534.672058105469,-348.84619140625,180.0,0.0,osc_received,"value_[1, ""mushrooms""]"
113.588,sonification,536.50537109375,-348.84619140625,0.0,0.0,osc_received,"value_[1, ""mushrooms""]"
113.949,move_right_pressed,536.50537109375,-348.84619140625,33.3333320617676,0.0,Move_Right,pressed
113.958,sonification,537.060913085938,-348.84619140625,33.3333320617676,0.0,osc_received,"value_[1, ""mushrooms""]"
114.018,jump_input_pressed,542.049377441406,-348.965240478516,166.666656494141,0.0,Jump,pressed
114.018,jump_executed,542.049377441406,-348.965240478516,166.666656494141,-500.0,jump,x_542.049377441406_y_-348.965240478516
114.025,sonification,544.840881347656,-357.340637207031,166.666656494141,-500.055541992188,osc_received,"value_[1, ""mushrooms""]"
114.434,jump_input_released,616.840881347656,-455.88134765625,180.0,2.77788853645325,Jump,released
114.449,jump_peak_reached,619.840881347656,-455.835052490234,180.0,39.8149261474609,jump_peak,x_619.840881347656_y_-455.835052490234
114.534,coin_collected,627.674194335938,-446.344299316406,0.0,187.963073730469,collect_coin,coin_coin11_score_6
114.617,platform_landed,627.674194335938,-419.992736816406,0.0,0.0,land_on_platform,platform_scene-1/Tile Map/34_-23_layer_Tile Map_tile_34_-23_source_1_atlas_17_3
114.617,landed,627.674194335938,-419.992736816406,0.0,0.0,land,surface_wood_impact_0.82037066650391
114.624,sonification,627.674194335938,-419.992736816406,0.0,0.0,osc_received,"value_[1, ""leaves""]"
114.665,move_right_pressed,627.674194335938,-419.992736816406,33.3333320617676,0.0,Move_Right,pressed
114.72,jump_input_pressed,631.007629394531,-420.053070068359,133.33332824707,0.0,Jump,pressed
114.72,jump_executed,631.007629394531,-420.053070068359,133.33332824707,-500.0,jump,x_631.007629394531_y_-420.053070068359
115.083,jump_input_released,695.409912109375,-525.102294921875,180.0,-55.722110748291,Jump,released
115.149,jump_peak_reached,700.243225097656,-526.733764648438,0.0,43.8149261474609,jump_peak,x_700.243225097656_y_-526.733764648438
115.3,platform_landed,700.243225097656,-495.017395019531,0.0,0.0,land_on_platform,platform_scene-1/Tile Map/38_-27_layer_Tile Map_tile_38_-27_source_1_atlas_1_0
115.3,landed,700.243225097656,-495.017395019531,0.0,0.0,land,surface_wood_impact_0.75429656982422
115.518,move_right_pressed,700.243225097656,-495.017395019531,33.3333320617676,0.0,Move_Right,pressed
116.002,jump_input_pressed,716.409851074219,-495.068389892578,0.0,0.0,Jump,pressed
116.002,jump_executed,716.409851074219,-495.068389892578,0.0,-500.0,jump,x_716.409851074219_y_-495.068389892578
116.118,move_left_pressed,716.409851074219,-546.194396972656,-15.0,-355.722137451172,Move_Left,pressed
116.433,jump_peak_reached,675.909851074219,-601.903625488281,-180.0,39.8149261474609,jump_peak,x_675.909851074219_y_-601.903625488281
116.484,coin_collected,666.909851074219,-598.06103515625,-180.0,113.889007568359,collect_coin,coin_coin15_score_7
116.484,jump_input_released,666.909851074219,-598.06103515625,-180.0,150.926040649414,Jump,released
116.533,platform_landed,662.076538085938,-585.003601074219,0.0,0.0,land_on_platform,platform_scene-1/Tile Map/36_-32_layer_Tile Map_tile_36_-32_source_1_atlas_2_0
116.533,landed,662.076538085938,-585.003601074219,0.0,0.0,land,surface_wood_impact_0.52407427978516
116.836,move_right_pressed,662.076538085938,-585.003601074219,33.3333320617676,0.0,Move_Right,pressed
116.983,jump_input_pressed,682.409851074219,-585.066650390625,180.0,0.0,Jump,pressed
116.983,jump_executed,682.409851074219,-585.066650390625,180.0,-500.0,jump,x_682.409851074219_y_-585.066650390625
117.284,jump_input_released,736.412414550781,-683.004333496094,180.0,-134.499893188477,Jump,released
117.383,jump_peak_reached,754.412414550781,-687.796020507812,180.0,41.2037048339844,jump_peak,x_754.412414550781_y_-687.796020507812
117.666,platform_landed,808.412414550781,-585.066711425781,180.0,0.0,land_on_platform,platform_scene-1/Tile Map/44_-32_layer_Tile Map_tile_44_-32_source_1_atlas_3_0
117.666,landed,808.412414550781,-585.066711425781,180.0,0.0,land,surface_wood_impact_1.34166687011719
118.017,coin_collected,867.054748535156,-489.670104980469,96.6666641235352,629.629699707031,collect_coin,coin_coin17_score_8
118.034,platform_landed,867.276977539062,-474.023406982422,0.0,0.0,land_on_platform,platform_scene-1/Tile Map/48_-26_layer_Tile Map_tile_48_-26_source_1_atlas_13_6
118.034,landed,867.276977539062,-474.023406982422,0.0,0.0,land,surface_wood_impact_1.40740759277344
118.036,sonification,867.276977539062,-474.023406982422,0.0,0.0,osc_received,"value_[1, ""water-tube""]"
118.368,move_right_pressed,867.276977539062,-474.023406982422,33.3333320617676,0.0,Move_Right,pressed
118.599,coin_collected,902.610290527344,-474.023406982422,180.0,0.0,collect_coin,coin_coin18_score_9
118.799,coin_collected,938.610290527344,-474.023406982422,180.0,0.0,collect_coin,coin_coin19_score_10
118.834,move_left_pressed,940.443603515625,-474.023406982422,-20.0000019073486,0.0,Move_Left,pressed
119.433,coin_collected,843.221374511719,-474.054473876953,-180.0,0.0,collect_coin,coin_coin16_score_11
119.542,jump_input_pressed,822.29345703125,-474.227996826172,-180.0,0.0,Jump,pressed
119.542,jump_executed,822.29345703125,-474.227996826172,-180.0,-500.0,jump,x_822.29345703125_y_-474.227996826172
119.759,jump_peak_reached,783.2900390625,-550.315002441406,-180.0,74.0740737915039,jump_peak,x_783.2900390625_y_-550.315002441406
120.093,jump_input_released,739.884460449219,-408.717834472656,-120.0,814.81494140625,Jump,released
120.458,platform_landed,734.773376464844,47.0691986083984,0.0,0.0,land_on_platform,platform_scene-1/Tile Map/40_3_layer_Tile Map_tile_40_3_source_1_atlas_13_0
120.458,landed,734.773376464844,47.0691986083984,0.0,0.0,land,surface_wood_impact_3.25925805664063
121.009,move_left_pressed,734.773376464844,47.0691986083984,-33.3333320617676,0.0,Move_Left,pressed
121.01,sonification,734.217834472656,47.0691986083984,-33.3333320617676,0.0,osc_received,"value_[1, ""mushrooms""]"
121.108,jump_input_pressed,723.440063476562,47.0691986083984,-180.0,0.0,Jump,pressed
121.108,jump_executed,723.440063476562,47.0691986083984,-180.0,-500.0,jump,x_723.440063476562_y_47.0691986083984
121.109,sonification,720.431335449219,38.7106132507324,-180.0,-500.055541992188,osc_received,"value_[1, ""mushrooms""]"
121.125,jump_peak_reached,720.431335449219,38.7106132507324,-180.0,-479.222198486328,jump_peak,x_720.431335449219_y_38.7106132507324
121.425,jump_input_released,667.820251464844,-53.1449127197266,-13.3333311080933,-114.722114562988,Jump,released
121.675,platform_landed,667.598022460938,-27.0222587585449,0.0,0.0,land_on_platform,platform_scene-1/Tile Map/37_-1_layer_Tile Map_tile_37_-1_source_1_atlas_15_7
121.675,landed,667.598022460938,-27.0222587585449,0.0,0.0,land,surface_wood_impact_0.74907415771484
121.683,sonification,667.598022460938,-27.0222587585449,0.0,0.0,osc_received,"value_[1, ""cloud""]"
121.744,move_left_pressed,667.598022460938,-27.0222587585449,-33.3333320617676,0.0,Move_Left,pressed
121.858,jump_input_pressed,653.264770507812,-27.0758686065674,-180.0,0.0,Jump,pressed
121.858,jump_executed,653.264770507812,-27.0758686065674,-180.0,-500.0,jump,x_653.264770507812_y_-27.0758686065674
122.158,jump_input_released,599.264709472656,-125.006492614746,-180.0,-134.499893188477,Jump,released
122.258,jump_peak_reached,594.431396484375,-129.798156738281,0.0,41.2037048339844,jump_peak,x_594.431396484375_y_-129.798156738281
122.375,move_left_pressed,594.431396484375,-112.028099060059,-15.0,300.462982177734,Move_Left,pressed
122.491,platform_landed,585.431396484375,-63.0664939880371,-120.0,0.0,land_on_platform,platform_scene-1/Tile Map/32_-3_layer_Tile Map_tile_32_-3_source_1_atlas_3_0
122.491,landed,585.431396484375,-63.0664939880371,-120.0,0.0,land,surface_wood_impact_1.11944458007812
122.576,jump_input_pressed,573.875854492188,-63.0747680664062,-180.0,0.0,Jump,pressed
122.576,jump_executed,573.875854492188,-63.0747680664062,-180.0,-500.0,jump,x_573.875854492188_y_-63.0747680664062
122.874,jump_input_released,519.87548828125,-161.006286621094,-180.0,-134.499893188477,Jump,released
122.974,jump_peak_reached,515.042175292969,-165.797958374023,0.0,41.2037048339844,jump_peak,x_515.042175292969_y_-165.797958374023
123.158,platform_landed,515.042175292969,-117.020935058594,0.0,0.0,land_on_platform,platform_scene-1/Tile Map/28_-6_layer_Tile Map_tile_28_-6_source_1_atlas_3_0
123.158,landed,515.042175292969,-117.020935058594,0.0,0.0,land,surface_wood_impact_0.89722235107422
123.21,move_right_pressed,515.042175292969,-117.020935058594,33.3333320617676,0.0,Move_Right,pressed
123.225,jump_input_pressed,515.597717285156,-117.020935058594,66.6666641235352,0.0,Jump,pressed
123.225,jump_executed,515.597717285156,-117.020935058594,66.6666641235352,-500.0,jump,x_515.597717285156_y_-117.020935058594
123.658,jump_peak_reached,585.49267578125,-223.896728515625,180.0,39.8149261474609,jump_peak,x_585.49267578125_y_-223.896728515625
123.692,jump_input_released,591.49267578125,-221.952270507812,180.0,113.889007568359,Jump,released
123.859,platform_landed,624.49267578125,-171.067337036133,180.0,0.0,land_on_platform,platform_scene-1/Tile Map/34_-9_layer_Tile Map_tile_34_-9_source_1_atlas_2_0
123.859,landed,624.49267578125,-171.067337036133,180.0,0.0,land,surface_wood_impact_0.96851885986328
124.007,move_left_pressed,635.325988769531,-171.067337036133,-33.3333320617676,0.0,Move_Left,pressed
124.026,jump_input_pressed,634.770446777344,-171.067337036133,-66.6666641235352,0.0,Jump,pressed
124.026,jump_executed,634.770446777344,-171.067337036133,-66.6666641235352,-500.0,jump,x_634.770446777344_y_-171.067337036133
124.443,jump_input_released,572.047424316406,-277.94970703125,0.0,2.77788853645325,Jump,released
124.458,jump_peak_reached,572.047424316406,-277.903411865234,0.0,39.8149261474609,jump_peak,x_572.047424316406_y_-277.903411865234
124.576,platform_landed,572.047424316406,-257.958862304688,0.0,0.0,land_on_platform,platform_scene-1/Tile Map/31_-14_layer_Tile Map_tile_31_-14_source_1_atlas_18_3
124.576,landed,572.047424316406,-257.958862304688,0.0,0.0,land,surface_wood_impact_0.59814837646484
124.583,sonification,572.047424316406,-257.958862304688,0.0,0.0,osc_received,"value_[1, ""leaves""]"
124.968,jump_input_pressed,572.047424316406,-257.958862304688,0.0,0.0,Jump,pressed
124.969,jump_executed,572.047424316406,-257.958862304688,0.0,-500.0,jump,x_572.047424316406_y_-257.958862304688
125.217,move_left_pressed,572.047424316406,-347.1953125,-15.0,-194.166549682617,Move_Left,pressed
125.4,jump_peak_reached,555.547424316406,-364.852691650391,-180.0,39.8149261474609,jump_peak,x_555.547424316406_y_-364.852691650391
125.5,jump_input_released,537.547424316406,-351.611938476562,-96.6666641235352,262.037139892578,Jump,released
125.501,platform_landed,535.941162109375,-348.841979980469,-96.6666641235352,0.0,land_on_platform,platform_scene-1/Tile Map/29_-19_layer_Tile Map_tile_29_-19_source_1_atlas_12_0
125.501,landed,535.941162109375,-348.841979980469,-96.6666641235352,0.0,land,surface_wood_impact_0.52407427978516
125.502,sonification,535.941162109375,-348.841979980469,-96.6666641235352,0.0,osc_received,"value_[1, ""mushrooms""]"
125.533,sonification,535.718933105469,-348.841979980469,0.0,0.0,osc_received,"value_[1, ""mushrooms""]"
125.702,jump_input_pressed,535.718933105469,-348.841979980469,0.0,0.0,Jump,pressed
125.702,jump_executed,535.718933105469,-348.841979980469,0.0,-500.0,jump,x_535.718933105469_y_-348.841979980469
125.867,jump_peak_reached,535.686645507812,-408.533050537109,0.0,57.8189811706543,jump_peak,x_535.686645507812_y_-408.533050537109
125.899,jump_input_released,535.686645507812,-405.988464355469,0.0,131.893051147461,Jump,released
126.068,platform_landed,535.686645507812,-348.822052001953,0.0,0.0,land_on_platform,platform_scene-1/Tile Map/29_-19_layer_Tile Map_tile_29_-19_source_1_atlas_12_0
126.069,landed,535.686645507812,-348.822052001953,0.0,0.0,land,surface_wood_impact_1.00452697753906
126.282,move_right_pressed,535.686645507812,-348.822052001953,33.3333320617676,0.0,Move_Right,pressed
126.283,sonification,536.242248535156,-348.847015380859,33.3333320617676,0.0,osc_received,"value_[1, ""mushrooms""]"
126.404,jump_input_pressed,549.980834960938,-349.016052246094,180.0,0.0,Jump,pressed
126.404,jump_executed,549.980834960938,-349.016052246094,180.0,-500.0,jump,x_549.980834960938_y_-349.016052246094
126.405,sonification,552.985229492188,-357.362487792969,180.0,-500.055541992188,osc_received,"value_[1, ""mushrooms""]"
126.734,jump_input_released,609.985229492188,-451.148559570312,180.0,-94.9998931884766,Jump,released
126.833,jump_peak_reached,626.596313476562,-455.440216064453,13.3333311080933,46.2038116455078,jump_peak,x_626.596313476562_y_-455.440216064453
126.984,platform_landed,626.818542480469,-419.995758056641,0.0,0.0,land_on_platform,platform_scene-1/Tile Map/34_-23_layer_Tile Map_tile_34_-23_source_1_atlas_17_3
126.984,landed,626.818542480469,-419.995758056641,0.0,0.0,land,surface_wood_impact_0.75907434082031
126.991,sonification,626.818542480469,-419.995758056641,0.0,0.0,osc_received,"value_[1, ""leaves""]"
127.033,move_right_pressed,626.818542480469,-419.995758056641,33.3333320617676,0.0,Move_Right,pressed
127.083,jump_input_pressed,630.151977539062,-420.055145263672,133.33332824707,0.0,Jump,pressed
127.083,jump_executed,630.151977539062,-420.055145263672,133.33332824707,-500.0,jump,x_630.151977539062_y_-420.055145263672
127.403,jump_input_released,685.542724609375,-520.251770019531,180.0,-114.722114562988,Jump,released
127.5,jump_peak_reached,703.542724609375,-525.04345703125,180.0,41.2037048339844,jump_peak,x_703.542724609375_y_-525.04345703125
127.65,platform_landed,708.376037597656,-495.006896972656,0.0,0.0,land_on_platform,platform_scene-1/Tile Map/39_-27_layer_Tile Map_tile_39_-27_source_1_atlas_2_0
127.65,landed,708.376037597656,-495.006896972656,0.0,0.0,land,surface_wood_impact_0.74907415771484
127.885,jump_input_pressed,708.376037597656,-495.006896972656,0.0,0.0,Jump,pressed
127.885,jump_executed,708.376037597656,-495.006896972656,0.0,-500.0,jump,x_708.376037597656_y_-495.006896972656
128.049,move_left_pressed,708.376037597656,-562.979064941406,-15.0,-294.722106933594,Move_Left,pressed
128.316,jump_peak_reached,676.876037597656,-601.895690917969,-180.0,39.8149261474609,jump_peak,x_676.876037597656_y_-601.895690917969
128.384,jump_input_released,664.876037597656,-595.537658691406,-96.6666641235352,187.963073730469,Jump,released
128.417,platform_landed,663.042724609375,-585.021240234375,0.0,0.0,land_on_platform,platform_scene-1/Tile Map/36_-32_layer_Tile Map_tile_36_-32_source_1_atlas_2_0
128.418,landed,663.042724609375,-585.021240234375,0.0,0.0,land,surface_wood_impact_0.52407427978516
128.683,move_right_pressed,663.042724609375,-585.021240234375,33.3333320617676,0.0,Move_Right,pressed
128.8,jump_input_pressed,677.376037597656,-585.068908691406,180.0,0.0,Jump,pressed
128.8,jump_executed,677.376037597656,-585.068908691406,180.0,-500.0,jump,x_677.376037597656_y_-585.068908691406
129.05,jump_input_released,722.378051757812,-674.245727539062,180.0,-194.166549682617,Jump,released
129.149,jump_peak_reached,740.378051757812,-679.037414550781,180.0,41.2037048339844,jump_peak,x_740.378051757812_y_-679.037414550781
129.417,platform_landed,778.211364746094,-585.0009765625,0.0,0.0,land_on_platform,platform_scene-1/Tile Map/43_-32_layer_Tile Map_tile_43_-32_source_1_atlas_2_0
129.417,landed,778.211364746094,-585.0009765625,0.0,0.0,land,surface_wood_impact_1.2675927734375
129.667,jump_input_pressed,778.211364746094,-585.0009765625,0.0,0.0,Jump,pressed
129.667,jump_executed,778.211364746094,-585.0009765625,0.0,-500.0,jump,x_778.211364746094_y_-585.0009765625
129.675,jump_peak_reached,778.211364746094,-593.400512695312,0.0,-479.222198486328,jump_peak,x_778.211364746094_y_-593.400512695312
129.727,move_right_pressed,778.211364746094,-616.334777832031,15.0,-417.22216796875,Move_Right,pressed
129.96,jump_input_released,803.711364746094,-682.996765136719,180.0,-134.499893188477,Jump,released
130.208,platform_landed,811.544677734375,-657.020446777344,0.0,0.0,land_on_platform,platform_scene-1/Tile Map/45_-36_layer_Tile Map_tile_45_-36_source_1_atlas_0_0
130.208,landed,811.544677734375,-657.020446777344,0.0,0.0,land,surface_wood_impact_0.74907415771484
130.791,jump_input_pressed,811.544677734375,-657.020446777344,0.0,0.0,Jump,pressed
130.791,jump_executed,811.544677734375,-657.020446777344,0.0,-500.0,jump,x_811.544677734375_y_-657.020446777344
130.807,move_left_pressed,811.544677734375,-665.403076171875,-15.0,-479.222198486328,Move_Left,pressed
131.226,jump_peak_reached,753.044677734375,-763.8974609375,-180.0,39.8149261474609,jump_peak,x_753.044677734375_y_-763.8974609375
131.259,jump_input_released,747.044677734375,-761.953002929688,-180.0,113.889007568359,Jump,released
131.326,platform_landed,742.211364746094,-747.023010253906,0.0,0.0,land_on_platform,platform_scene-1/Tile Map/41_-41_layer_Tile Map_tile_41_-41_source_1_atlas_3_0
131.326,landed,742.211364746094,-747.023010253906,0.0,0.0,land,surface_wood_impact_0.52407427978516
131.545,move_right_pressed,742.211364746094,-747.023010253906,33.3333320617676,0.0,Move_Right,pressed
131.561,jump_input_pressed,742.766906738281,-747.023010253906,66.6666641235352,0.0,Jump,pressed
131.561,jump_executed,742.766906738281,-747.023010253906,66.6666641235352,-500.0,jump,x_742.766906738281_y_-747.023010253906
131.791,jump_input_released,756.925231933594,-832.656372070312,120.0,-214.166549682617,Jump,released
131.891,jump_peak_reached,762.036315917969,-837.448059082031,0.0,41.2037048339844,jump_peak,x_762.036315917969_y_-837.448059082031
132.026,move_right_pressed,762.036315917969,-814.670288085938,15.0,337.500030517578,Move_Right,pressed
132.059,platform_landed,763.536315917969,-801.066528320312,45.0,0.0,land_on_platform,platform_scene-1/Tile Map/42_-44_layer_Tile Map_tile_42_-44_source_1_atlas_1_0
132.059,landed,763.536315917969,-801.066528320312,45.0,0.0,land,surface_wood_impact_0.82314825439453
132.308,jump_input_pressed,764.841857910156,-801.066528320312,0.0,0.0,Jump,pressed
132.308,jump_executed,764.841857910156,-801.066528320312,0.0,-500.0,jump,x_764.841857910156_y_-801.066528320312
132.409,move_left_pressed,764.841857910156,-845.918273925781,-15.0,-376.166595458984,Move_Left,pressed
132.743,jump_peak_reached,722.730773925781,-907.903442382812,-13.3333311080933,39.8149261474609,jump_peak,x_722.730773925781_y_-907.903442382812
132.743,jump_input_released,722.730773925781,-907.903442382812,-13.3333311080933,39.8149261474609,Jump,released
132.844,platform_landed,722.508544921875,-891.00341796875,0.0,0.0,land_on_platform,platform_scene-1/Tile Map/40_-49_layer_Tile Map_tile_40_-49_source_1_atlas_3_0
132.844,landed,722.508544921875,-891.00341796875,0.0,0.0,land,surface_wood_impact_0.52407427978516
132.925,move_right_pressed,722.508544921875,-891.00341796875,33.3333320617676,0.0,Move_Right,pressed
132.992,jump_input_pressed,728.064086914062,-891.00341796875,166.666656494141,0.0,Jump,pressed
132.992,jump_executed,728.064086914062,-891.00341796875,166.666656494141,-500.0,jump,x_728.064086914062_y_-891.00341796875
133.393,jump_input_released,799.86083984375,-997.634338378906,180.0,-16.6665554046631,Jump,released
133.425,jump_peak_reached,804.471923828125,-997.842651367188,13.3333311080933,41.2038154602051,jump_peak,x_804.471923828125_y_-997.842651367188
133.592,platform_landed,804.694152832031,-963.010009765625,0.0,0.0,land_on_platform,platform_scene-1/Tile Map/44_-53_layer_Tile Map_tile_44_-53_source_1_atlas_13_7
133.592,landed,804.694152832031,-963.010009765625,0.0,0.0,land,surface_wood_impact_0.8231484375
133.601,sonification,804.694152832031,-963.010009765625,0.0,0.0,osc_received,"value_[1, ""cloud""]"
133.842,move_right_pressed,804.694152832031,-963.010009765625,33.3333320617676,0.0,Move_Right,pressed
133.975,jump_input_pressed,822.027465820312,-963.067443847656,180.0,0.0,Jump,pressed
133.975,jump_executed,822.027465820312,-963.067443847656,180.0,-500.0,jump,x_822.027465820312_y_-963.067443847656
134.326,move_left_pressed,875.925659179688,-1066.74609375,-15.0,-75.3332214355469,Move_Left,pressed
134.391,jump_input_released,873.425598144531,-1069.89819335938,-75.0,2.77788853645325,Jump,released
134.407,jump_peak_reached,872.175598144531,-1069.85192871094,-90.0,39.8149261474609,jump_peak,x_872.175598144531_y_-1069.85192871094
134.775,platform_landed,845.59228515625,-909.0439453125,0.0,0.0,land_on_platform,platform_scene-1/Tile Map/46_-50_layer_Tile Map_tile_46_-50_source_1_atlas_1_0
134.775,landed,845.59228515625,-909.0439453125,0.0,0.0,land,surface_wood_impact_1.709259765625
135.159,jump_input_pressed,845.59228515625,-909.0439453125,0.0,0.0,Jump,pressed
135.159,jump_executed,845.59228515625,-909.0439453125,0.0,-500.0,jump,x_845.59228515625_y_-909.0439453125
135.175,move_left_pressed,845.59228515625,-917.406127929688,-15.0,-479.222198486328,Move_Left,pressed
135.444,jump_input_released,815.481201171875,-1004.41351318359,-13.3333311080933,-154.333221435547,Jump,released
135.542,jump_peak_reached,815.258972167969,-1009.20520019531,0.0,41.2037048339844,jump_peak,x_815.258972167969_y_-1009.20520019531
135.725,platform_landed,815.258972167969,-963.027526855469,0.0,0.0,land_on_platform,platform_scene-1/Tile Map/45_-53_layer_Tile Map_tile_45_-53_source_1_atlas_15_7
135.725,landed,815.258972167969,-963.027526855469,0.0,0.0,land,surface_wood_impact_0.89722235107422
135.728,sonification,815.258972167969,-963.027526855469,0.0,0.0,osc_received,"value_[1, ""cloud""]"
136.558,move_right_pressed,815.258972167969,-963.027526855469,33.3333320617676,0.0,Move_Right,pressed
136.891,platform_landed,849.427368164062,-909.017578125,0.0,0.0,land_on_platform,platform_scene-1/Tile Map/47_-50_layer_Tile Map_tile_47_-50_source_1_atlas_3_0
136.891,landed,849.427368164062,-909.017578125,0.0,0.0,land,surface_wood_impact_0.96296307373047
137.275,move_right_pressed,849.427368164062,-909.017578125,33.3333320617676,0.0,Move_Right,pressed
137.327,jump_input_pressed,852.760681152344,-909.017578125,133.33332824707,0.0,Jump,pressed
137.327,jump_executed,852.760681152344,-909.017578125,133.33332824707,-500.0,jump,x_852.760681152344_y_-909.017578125
137.759,jump_peak_reached,929.162292480469,-1015.89373779297,180.0,39.8149261474609,jump_peak,x_929.162292480469_y_-1015.89373779297
137.861,platform_landed,950.162292480469,-999.066345214844,180.0,0.0,land_on_platform,platform_scene-1/Tile Map/52_-55_layer_Tile Map_tile_52_-55_source_1_atlas_1_0
137.861,landed,950.162292480469,-999.066345214844,180.0,0.0,land,surface_wood_impact_0.52407427978516
137.874,jump_input_released,950.162292480469,-999.066345214844,180.0,0.0,Jump,released
138.291,move_left_pressed,957.99560546875,-999.066345214844,-33.3333320617676,0.0,Move_Left,pressed
138.308,jump_input_pressed,957.440063476562,-999.066345214844,-66.6666641235352,0.0,Jump,pressed
138.308,jump_executed,957.440063476562,-999.066345214844,-66.6666641235352,-500.0,jump,x_957.440063476562_y_-999.066345214844
138.725,jump_input_released,911.2138671875,-1105.94958496094,0.0,2.77788853645325,Jump,released
138.743,jump_peak_reached,911.2138671875,-1105.9033203125,0.0,39.8149261474609,jump_peak,x_911.2138671875_y_-1105.9033203125
138.842,platform_landed,911.2138671875,-1089.00329589844,0.0,0.0,land_on_platform,platform_scene-1/Tile Map/50_-60_layer_Tile Map_tile_50_-60_source_1_atlas_3_0
138.842,landed,911.2138671875,-1089.00329589844,0.0,0.0,land,surface_wood_impact_0.52407427978516
139.358,move_right_pressed,911.2138671875,-1089.00329589844,33.3333320617676,0.0,Move_Right,pressed
139.359,jump_input_pressed,911.2138671875,-1089.00329589844,33.3333320617676,0.0,Jump,pressed
139.359,jump_executed,911.2138671875,-1089.00329589844,33.3333320617676,-500.0,jump,x_911.2138671875_y_-1089.00329589844
139.784,jump_peak_reached,949.425231933594,-1195.89501953125,96.6666641235352,39.8149261474609,jump_peak,x_949.425231933594_y_-1195.89501953125
139.8,jump_input_released,951.036315917969,-1195.2314453125,13.3333311080933,76.8519668579102,Jump,released
139.884,platform_landed,951.258544921875,-1179.02062988281,0.0,0.0,land_on_platform,platform_scene-1/Tile Map/52_-65_layer_Tile Map_tile_52_-65_source_1_atlas_1_0
139.884,landed,951.258544921875,-1179.02062988281,0.0,0.0,land,surface_wood_impact_0.52407427978516
140.066,move_left_pressed,951.258544921875,-1179.02062988281,-33.3333320617676,0.0,Move_Left,pressed
140.066,jump_input_pressed,951.258544921875,-1179.02062988281,-33.3333320617676,0.0,Jump,pressed
140.066,jump_executed,951.258544921875,-1179.02062988281,-33.3333320617676,-500.0,jump,x_951.258544921875_y_-1179.02062988281
140.5,jump_peak_reached,886.449890136719,-1285.89721679688,-180.0,39.8149261474609,jump_peak,x_886.449890136719_y_-1285.89721679688
140.633,jump_input_released,862.449890136719,-1263.30456542969,-96.6666641235352,336.111236572266,Jump,released
140.802,platform_landed,860.616577148438,-1179.01379394531,0.0,0.0,land_on_platform,platform_scene-1/Tile Map/47_-65_layer_Tile Map_tile_47_-65_source_1_atlas_15_7
140.802,landed,860.616577148438,-1179.01379394531,0.0,0.0,land,surface_wood_impact_1.41296337890625
140.803,sonification,860.616577148438,-1179.01379394531,0.0,0.0,osc_received,"value_[1, ""cloud""]"
140.983,move_left_pressed,860.616577148438,-1179.01379394531,-33.3333320617676,0.0,Move_Left,pressed
141.049,jump_input_pressed,855.06103515625,-1179.01379394531,-166.666656494141,0.0,Jump,pressed
141.049,jump_executed,855.06103515625,-1179.01379394531,-166.666656494141,-500.0,jump,x_855.06103515625_y_-1179.01379394531
141.485,jump_peak_reached,777.267028808594,-1285.89111328125,-180.0,39.8149261474609,jump_peak,x_777.267028808594_y_-1285.89111328125
141.666,jump_input_released,745.655944824219,-1244.64111328125,-13.3333311080933,447.222381591797,Jump,released
141.785,platform_landed,745.433715820312,-1179.00769042969,0.0,0.0,land_on_platform,platform_scene-1/Tile Map/41_-65_layer_Tile Map_tile_41_-65_source_1_atlas_3_0
141.785,landed,745.433715820312,-1179.00769042969,0.0,0.0,land,surface_wood_impact_1.41296337890625
142.519,move_left_pressed,745.433715820312,-1179.00769042969,-33.3333320617676,0.0,Move_Left,pressed
142.667,jump_input_pressed,725.100402832031,-1179.06701660156,-180.0,0.0,Jump,pressed
142.667,jump_executed,725.100402832031,-1179.06701660156,-180.0,-500.0,jump,x_725.100402832031_y_-1179.06701660156
142.95,jump_input_released,674.097961425781,-1274.41552734375,-180.0,-154.333221435547,Jump,released
143.05,jump_peak_reached,669.2646484375,-1279.20715332031,0.0,41.2037048339844,jump_peak,x_669.2646484375_y_-1279.20715332031
143.251,move_left_pressed,669.2646484375,-1230.22570800781,-15.0,485.648223876953,Move_Left,pressed
143.449,platform_landed,659.653564453125,-1089.02478027344,0.0,0.0,land_on_platform,platform_scene-1/Tile Map/36_-60_layer_Tile Map_tile_36_-60_source_1_atlas_3_0
143.45,landed,659.653564453125,-1089.02478027344,0.0,0.0,land,surface_wood_impact_1.860185546875
143.833,move_left_pressed,659.653564453125,-1089.02478027344,-33.3333320617676,0.0,Move_Left,pressed
143.919,jump_input_pressed,651.320251464844,-1089.02478027344,-180.0,0.0,Jump,pressed
143.919,jump_executed,651.320251464844,-1089.02478027344,-180.0,-500.0,jump,x_651.320251464844_y_-1089.02478027344
144.349,jump_peak_reached,573.306091308594,-1195.89282226562,-180.0,39.8149261474609,jump_peak,x_573.306091308594_y_-1195.89282226562
144.4,jump_input_released,564.306091308594,-1192.05017089844,-96.6666641235352,150.926040649414,Jump,released
144.55,platform_landed,562.472778320312,-1143.02746582031,0.0,0.0,land_on_platform,platform_scene-1/Tile Map/31_-63_layer_Tile Map_tile_31_-63_source_1_atlas_3_0
144.55,landed,562.472778320312,-1143.02746582031,0.0,0.0,land,surface_wood_impact_0.96851885986328
144.603,move_left_pressed,562.472778320312,-1143.02746582031,-33.3333320617676,0.0,Move_Left,pressed
144.666,jump_input_pressed,556.917236328125,-1143.06958007812,-166.666656494141,0.0,Jump,pressed
144.666,jump_executed,556.917236328125,-1143.06958007812,-166.666656494141,-500.0,jump,x_556.917236328125_y_-1143.06958007812
144.983,jump_input_released,500.137817382812,-1243.26440429688,-180.0,-114.722114562988,Jump,released
145.084,jump_peak_reached,495.304473876953,-1248.05603027344,0.0,41.2037048339844,jump_peak,x_495.304473876953_y_-1248.05603027344
145.266,move_left_pressed,495.304473876953,-1206.55139160156,-15.0,448.611175537109,Move_Left,pressed
145.286,platform_landed,494.554473876953,-1197.06616210938,-30.0,0.0,land_on_platform,platform_scene-1/Tile Map/27_-66_layer_Tile Map_tile_27_-66_source_1_atlas_3_0
145.286,landed,494.554473876953,-1197.06616210938,-30.0,0.0,land,surface_wood_impact_0.97129644775391
145.419,jump_input_pressed,477.998931884766,-1197.06616210938,-180.0,0.0,Jump,pressed
145.419,jump_executed,477.998931884766,-1197.06616210938,-180.0,-500.0,jump,x_477.998931884766_y_-1197.06616210938
145.849,jump_peak_reached,399.996215820312,-1303.90234375,-180.0,39.8149261474609,jump_peak,x_399.996215820312_y_-1303.90234375
145.901,jump_input_released,390.996215820312,-1300.05969238281,-96.6666641235352,150.926040649414,Jump,released
146.083,platform_landed,389.162872314453,-1233.02319335938,0.0,0.0,land_on_platform,platform_scene-1/Tile Map/21_-68_layer_Tile Map_tile_21_-68_source_1_atlas_15_7
146.083,landed,389.162872314453,-1233.02319335938,0.0,0.0,land,surface_wood_impact_1.1166669921875
146.084,sonification,389.162872314453,-1233.02319335938,0.0,0.0,osc_received,"value_[1, ""cloud""]"
146.166,move_left_pressed,389.162872314453,-1233.02319335938,-33.3333320617676,0.0,Move_Left,pressed
146.349,jump_input_pressed,362.829559326172,-1233.02319335938,-180.0,0.0,Jump,pressed
146.349,jump_executed,362.829559326172,-1233.02319335938,-180.0,-500.0,jump,x_362.829559326172_y_-1233.02319335938
146.566,jump_peak_reached,323.8134765625,-1309.3876953125,-180.0,74.0740737915039,jump_peak,x_323.8134765625_y_-1309.3876953125
146.718,jump_input_released,296.8134765625,-1276.05432128906,-180.0,407.407440185547,Jump,released
146.802,platform_landed,288.980133056641,-1233.03735351562,0.0,0.0,land_on_platform,platform_scene-1/Tile Map/15_-68_layer_Tile Map_tile_15_-68_source_1_atlas_3_0
146.802,landed,288.980133056641,-1233.03735351562,0.0,0.0,land,surface_wood_impact_1.18518530273438
147.186,move_left_pressed,288.980133056641,-1233.03735351562,-33.3333320617676,0.0,Move_Left,pressed
147.316,jump_input_pressed,271.646820068359,-1233.03735351562,-180.0,0.0,Jump,pressed
147.316,jump_executed,271.646820068359,-1233.03735351562,-180.0,-500.0,jump,x_271.646820068359_y_-1233.03735351562
147.533,jump_peak_reached,232.635208129883,-1309.38757324219,-180.0,74.0740737915039,jump_peak,x_232.635208129883_y_-1309.38757324219
147.633,jump_input_released,214.635208129883,-1292.72082519531,-180.0,296.296295166016,Jump,released
147.817,platform_landed,191.801864624023,-1197.02746582031,0.0,0.0,land_on_platform,platform_scene-1/Tile Map/10_-66_layer_Tile Map_tile_10_-66_source_1_atlas_3_0
147.817,landed,191.801864624023,-1197.02746582031,0.0,0.0,land,surface_wood_impact_1.40740759277344
148.017,move_left_pressed,191.801864624023,-1197.02746582031,-33.3333320617676,0.0,Move_Left,pressed
148.086,jump_input_pressed,186.246292114258,-1197.02746582031,-166.666656494141,0.0,Jump,pressed
148.086,jump_executed,186.246292114258,-1197.02746582031,-166.666656494141,-500.0,jump,x_186.246292114258_y_-1197.02746582031
148.4,jump_input_released,129.45588684082,-1297.25524902344,-96.6666641235352,-114.722114562988,Jump,released
148.501,jump_peak_reached,127.622550964355,-1302.046875,0.0,41.2037048339844,jump_peak,x_127.622550964355_y_-1302.046875
148.65,platform_landed,127.622550964355,-1269.01123046875,0.0,0.0,land_on_platform,platform_scene-1/Tile Map/7_-70_layer_Tile Map_tile_7_-70_source_1_atlas_3_0
148.65,landed,127.622550964355,-1269.01123046875,0.0,0.0,land,surface_wood_impact_0.74907415771484
148.7,move_left_pressed,127.622550964355,-1269.01123046875,-33.3333320617676,0.0,Move_Left,pressed
148.717,jump_input_pressed,127.062065124512,-1269.07482910156,-66.6666641235352,0.0,Jump,pressed
148.717,jump_executed,127.062065124512,-1269.07482910156,-66.6666641235352,-500.0,jump,x_127.062065124512_y_-1269.07482910156
149.15,jump_peak_reached,79.6572341918945,-1375.90466308594,-180.0,39.8149261474609,jump_peak,x_79.6572341918945_y_-1375.90466308594
149.202,jump_input_released,72.0461196899414,-1372.06201171875,-13.3333311080933,150.926040649414,Jump,released
149.319,platform_landed,71.8238983154297,-1337.99279785156,0.0,0.0,land_on_platform,platform_scene-1/Tile Map/3_-74_layer_Tile Map_tile_3_-74_source_1_atlas_13_6
149.319,landed,71.8238983154297,-1337.99279785156,0.0,0.0,land,surface_wood_impact_0.82037066650391
149.325,sonification,71.8238983154297,-1337.99279785156,0.0,0.0,osc_received,"value_[1, ""water-tube""]"
149.634,move_right_pressed,71.8238983154297,-1337.99279785156,33.3333320617676,0.0,Move_Right,pressed
149.801,jump_input_pressed,95.1542205810547,-1338.09814453125,180.0,0.0,Jump,pressed
149.801,jump_executed,95.1542205810547,-1338.09814453125,180.0,-500.0,jump,x_95.1542205810547_y_-1338.09814453125
150.233,jump_peak_reached,173.156158447266,-1444.93212890625,180.0,39.8149261474609,jump_peak,x_173.156158447266_y_-1444.93212890625
150.435,jump_input_released,209.156158447266,-1396.22839355469,180.0,484.259429931641,Jump,released
150.534,platform_landed,230.169937133789,-1338.0517578125,180.0,0.0,land_on_platform,platform_scene-1/Tile Map/12_-74_layer_Tile Map_tile_12_-74_source_1_atlas_13_6
150.534,landed,230.169937133789,-1338.0517578125,180.0,0.0,land,surface_wood_impact_1.41296337890625
150.536,sonification,230.169937133789,-1338.0517578125,180.0,0.0,osc_received,"value_[1, ""water-tube""]"
150.783,jump_input_pressed,272.170013427734,-1338.0517578125,180.0,0.0,Jump,pressed
150.783,jump_executed,272.170013427734,-1338.0517578125,180.0,-500.0,jump,x_272.170013427734_y_-1338.0517578125
151.203,jump_input_released,347.176544189453,-1444.94482421875,180.0,2.77788853645325,Jump,released
151.217,jump_peak_reached,350.176544189453,-1444.89855957031,96.6666641235352,39.8149261474609,jump_peak,x_350.176544189453_y_-1444.89855957031
151.318,platform_landed,352.009887695312,-1428.92822265625,0.0,0.0,land_on_platform,platform_scene-1/Tile Map/19_-79_layer_Tile Map_tile_19_-79_source_1_atlas_14_6
151.319,landed,352.009887695312,-1428.92822265625,0.0,0.0,land,surface_wood_impact_0.52407427978516
151.32,sonification,352.009887695312,-1428.92822265625,0.0,0.0,osc_received,"value_[1, ""water-tube""]"
151.518,move_left_pressed,352.009887695312,-1428.92822265625,-33.3333320617676,0.0,Move_Left,pressed
151.651,jump_input_pressed,335.04052734375,-1428.89086914062,-180.0,0.0,Jump,pressed
151.651,jump_executed,335.04052734375,-1428.89086914062,-180.0,-500.0,jump,x_335.04052734375_y_-1428.89086914062
152.083,jump_peak_reached,257.04052734375,-1535.71948242188,-180.0,39.8149261474609,jump_peak,x_257.04052734375_y_-1535.71948242188
152.116,jump_input_released,251.04052734375,-1533.77502441406,-180.0,113.889007568359,Jump,released
152.285,platform_landed,243.207183837891,-1482.75952148438,0.0,0.0,land_on_platform,platform_scene-1/Tile Map/13_-82_layer_Tile Map_tile_13_-82_source_1_atlas_14_6
152.285,landed,243.207183837891,-1482.75952148438,0.0,0.0,land,surface_wood_impact_0.96851885986328
152.288,sonification,243.207183837891,-1482.75952148438,0.0,0.0,osc_received,"value_[1, ""water-tube""]"
152.303,move_right_pressed,243.207183837891,-1482.75952148438,33.3333320617676,0.0,Move_Right,pressed
152.433,jump_input_pressed,260.541534423828,-1481.45336914062,180.0,74.0740737915039,Jump,pressed
152.733,jump_input_released,314.541534423828,-1364.78674316406,180.0,740.740844726562,Jump,released
152.768,platform_landed,322.168182373047,-1338.04833984375,96.6666641235352,0.0,land_on_platform,platform_scene-1/Tile Map/17_-74_layer_Tile Map_tile_17_-74_source_1_atlas_13_6
152.768,landed,322.168182373047,-1338.04833984375,96.6666641235352,0.0,land,surface_wood_impact_1.6296298828125
152.769,sonification,322.168182373047,-1338.04833984375,96.6666641235352,0.0,osc_received,"value_[1, ""water-tube""]"
153.0,move_left_pressed,322.390411376953,-1338.04833984375,-33.3333320617676,0.0,Move_Left,pressed
153.149,jump_input_pressed,302.057098388672,-1338.04833984375,-180.0,0.0,Jump,pressed
153.15,jump_executed,302.057098388672,-1338.04833984375,-180.0,-500.0,jump,x_302.057098388672_y_-1338.04833984375
153.366,move_right_pressed,285.220367431641,-1419.72900390625,15.0,-234.222106933594,Move_Right,pressed
153.584,jump_peak_reached,307.720367431641,-1444.88635253906,180.0,39.8149261474609,jump_peak,x_307.720367431641_y_-1444.88635253906
153.685,jump_input_released,325.720367431641,-1431.64562988281,180.0,262.037139892578,Jump,released
153.686,platform_landed,328.715148925781,-1429.03857421875,180.0,0.0,land_on_platform,platform_scene-1/Tile Map/18_-79_layer_Tile Map_tile_18_-79_source_1_atlas_14_6
153.686,landed,328.715148925781,-1429.03857421875,180.0,0.0,land,surface_wood_impact_0.52407427978516
153.687,sonification,328.715148925781,-1429.03857421875,180.0,0.0,osc_received,"value_[1, ""water-tube""]"
154.168,move_left_pressed,330.548461914062,-1429.05102539062,-33.3333320617676,0.0,Move_Left,pressed
154.201,jump_input_pressed,328.881805419922,-1429.05102539062,-100.0,0.0,Jump,pressed
154.201,jump_executed,328.881805419922,-1429.05102539062,-100.0,-500.0,jump,x_328.881805419922_y_-1429.05102539062
154.633,jump_peak_reached,255.131866455078,-1535.87963867188,-180.0,39.8149261474609,jump_peak,x_255.131866455078_y_-1535.87963867188
154.7,jump_input_released,243.131866455078,-1529.52160644531,-180.0,187.963073730469,Jump,released
154.833,platform_landed,235.298522949219,-1482.00537109375,0.0,0.0,land_on_platform,platform_scene-1/Tile Map/13_-82_layer_Tile Map_tile_13_-82_source_1_atlas_14_6
154.833,landed,235.298522949219,-1482.00537109375,0.0,0.0,land,surface_wood_impact_0.96851885986328
154.841,sonification,235.298522949219,-1482.00537109375,0.0,0.0,osc_received,"value_[1, ""water-tube""]"
154.9,move_right_pressed,235.298522949219,-1482.00537109375,33.3333320617676,0.0,Move_Right,pressed
155.033,jump_input_pressed,252.164901733398,-1482.88195800781,180.0,0.0,Jump,pressed
155.033,jump_executed,252.164901733398,-1482.88195800781,180.0,-500.0,jump,x_252.164901733398_y_-1482.88195800781
155.466,jump_peak_reached,330.189361572266,-1589.77856445312,180.0,39.8149261474609,jump_peak,x_330.189361572266_y_-1589.77856445312
155.502,jump_input_released,336.189361572266,-1587.83410644531,180.0,113.889007568359,Jump,released
155.666,platform_landed,344.022705078125,-1536.03051757812,0.0,0.0,land_on_platform,platform_scene-1/Tile Map/19_-85_layer_Tile Map_tile_19_-85_source_1_atlas_14_6
155.667,landed,344.022705078125,-1536.03051757812,0.0,0.0,land,surface_wood_impact_0.96851885986328
155.675,sonification,344.022705078125,-1536.03051757812,0.0,0.0,osc_received,"value_[1, ""water-tube""]"
155.733,move_left_pressed,344.022705078125,-1536.03051757812,-33.3333320617676,0.0,Move_Left,pressed
155.835,jump_input_pressed,333.272735595703,-1537.45092773438,-180.0,0.0,Jump,pressed
155.835,jump_executed,333.272735595703,-1537.45092773438,-180.0,-500.0,jump,x_333.272735595703_y_-1537.45092773438
156.266,jump_peak_reached,255.272735595703,-1644.27954101562,-180.0,39.8149261474609,jump_peak,x_255.272735595703_y_-1644.27954101562
156.366,jump_input_released,237.272735595703,-1631.03881835938,-180.0,262.037139892578,Jump,released
156.466,platform_landed,232.439392089844,-1590.02697753906,0.0,0.0,land_on_platform,platform_scene-1/Tile Map/12_-88_layer_Tile Map_tile_12_-88_source_1_atlas_14_6
156.467,landed,232.439392089844,-1590.02697753906,0.0,0.0,land,surface_wood_impact_0.96851885986328
156.468,sonification,232.439392089844,-1590.02697753906,0.0,0.0,osc_received,"value_[1, ""water-tube""]"
156.533,move_right_pressed,232.439392089844,-1590.02697753906,33.3333320617676,0.0,Move_Right,pressed
156.668,jump_input_pressed,249.274887084961,-1590.974609375,180.0,0.0,Jump,pressed
156.668,jump_executed,249.274887084961,-1590.974609375,180.0,-500.0,jump,x_249.274887084961_y_-1590.974609375
157.101,jump_peak_reached,327.295074462891,-1697.85925292969,180.0,39.8149261474609,jump_peak,x_327.295074462891_y_-1697.85925292969
157.133,jump_input_released,333.295074462891,-1695.91479492188,180.0,113.889007568359,Jump,released
157.301,platform_landed,341.12841796875,-1644.0166015625,0.0,0.0,land_on_platform,platform_scene-1/Tile Map/18_-91_layer_Tile Map_tile_18_-91_source_1_atlas_14_6
157.302,landed,341.12841796875,-1644.0166015625,0.0,0.0,land,surface_wood_impact_0.96851885986328
157.304,sonification,341.12841796875,-1644.0166015625,0.0,0.0,osc_received,"value_[1, ""water-tube""]"
157.349,move_left_pressed,341.12841796875,-1644.0166015625,-33.3333320617676,0.0,Move_Left,pressed
157.449,jump_input_pressed,330.336791992188,-1644.97741699219,-180.0,0.0,Jump,pressed
157.449,jump_executed,330.336791992188,-1644.97741699219,-180.0,-500.0,jump,x_330.336791992188_y_-1644.97741699219
157.883,jump_peak_reached,252.315979003906,-1751.86389160156,-180.0,39.8149261474609,jump_peak,x_252.315979003906_y_-1751.86389160156
157.983,jump_input_released,234.315979003906,-1738.62316894531,-180.0,262.037139892578,Jump,released
158.084,platform_landed,229.482635498047,-1698.052734375,0.0,0.0,land_on_platform,platform_scene-1/Tile Map/12_-94_layer_Tile Map_tile_12_-94_source_1_atlas_14_6
158.084,landed,229.482635498047,-1698.052734375,0.0,0.0,land,surface_wood_impact_0.96851885986328
158.091,sonification,229.482635498047,-1698.052734375,0.0,0.0,osc_received,"value_[1, ""water-tube""]"
158.103,move_right_pressed,229.482635498047,-1698.052734375,33.3333320617676,0.0,Move_Right,pressed
158.217,jump_input_pressed,243.311737060547,-1699.07299804688,180.0,0.0,Jump,pressed
158.217,jump_executed,243.311737060547,-1699.07299804688,180.0,-500.0,jump,x_243.311737060547_y_-1699.07299804688
158.649,jump_peak_reached,321.311737060547,-1805.90161132812,180.0,39.8149261474609,jump_peak,x_321.311737060547_y_-1805.90161132812
158.666,jump_input_released,324.311737060547,-1805.23803710938,96.6666641235352,76.8519668579102,Jump,released
158.85,platform_landed,326.145080566406,-1752.94165039062,0.0,0.0,land_on_platform,platform_scene-1/Tile Map/18_-97_layer_Tile Map_tile_18_-97_source_1_atlas_14_6
158.85,landed,326.145080566406,-1752.94165039062,0.0,0.0,land,surface_wood_impact_0.96851885986328
158.851,sonification,326.145080566406,-1752.94165039062,0.0,0.0,osc_received,"value_[1, ""water-tube""]"
159.201,jump_input_pressed,326.145080566406,-1752.94165039062,0.0,0.0,Jump,pressed
159.202,jump_executed,326.145080566406,-1752.94165039062,0.0,-500.0,jump,x_326.145080566406_y_-1752.94165039062
159.319,move_right_pressed,326.145080566406,-1804.11657714844,15.0,-355.722137451172,Move_Right,pressed
159.62,jump_input_released,363.645080566406,-1859.8720703125,96.6666641235352,2.77788853645325,Jump,released
159.633,jump_peak_reached,365.256195068359,-1859.82580566406,13.3333311080933,39.8149261474609,jump_peak,x_365.256195068359_y_-1859.82580566406
159.785,platform_landed,365.478424072266,-1827.015625,0.0,0.0,land_on_platform,platform_scene-1/Tile Map/20_-101_layer_Tile Map_tile_20_-101_source_1_atlas_3_4
159.785,landed,365.478424072266,-1827.015625,0.0,0.0,land,surface_wood_impact_0.74629656982422
159.869,move_left_pressed,365.478424072266,-1827.015625,-33.3333320617676,0.0,Move_Left,pressed
160.0,jump_input_pressed,348.145111083984,-1827.015625,-180.0,0.0,Jump,pressed
160.001,jump_executed,348.145111083984,-1827.015625,-180.0,-500.0,jump,x_348.145111083984_y_-1827.015625
160.433,jump_peak_reached,270.128387451172,-1933.89074707031,-180.0,39.8149261474609,jump_peak,x_270.128387451172_y_-1933.89074707031
160.467,jump_input_released,264.128387451172,-1931.9462890625,-96.6666641235352,113.889007568359,Jump,released
160.667,platform_landed,262.295043945312,-1863.01159667969,0.0,0.0,land_on_platform,platform_scene-1/Tile Map/14_-103_layer_Tile Map_tile_14_-103_source_1_atlas_3_4
160.667,landed,262.295043945312,-1863.01159667969,0.0,0.0,land,surface_wood_impact_1.1166669921875
160.702,move_left_pressed,262.295043945312,-1863.01159667969,-33.3333320617676,0.0,Move_Left,pressed
160.819,jump_input_pressed,247.961730957031,-1863.01159667969,-180.0,0.0,Jump,pressed
160.819,jump_executed,247.961730957031,-1863.01159667969,-180.0,-500.0,jump,x_247.961730957031_y_-1863.01159667969
161.103,jump_input_released,196.943878173828,-1958.40295410156,-180.0,-154.333221435547,Jump,released
161.2,jump_peak_reached,192.110534667969,-1963.19458007812,0.0,41.2037048339844,jump_peak,x_192.110534667969_y_-1963.19458007812
161.384,platform_landed,192.110534667969,-1917.01696777344,0.0,0.0,land_on_platform,platform_scene-1/Tile Map/10_-106_layer_Tile Map_tile_10_-106_source_1_atlas_13_7
161.384,landed,192.110534667969,-1917.01696777344,0.0,0.0,land,surface_wood_impact_0.89722235107422
161.388,sonification,192.110534667969,-1917.01696777344,0.0,0.0,osc_received,"value_[1, ""cloud""]"
161.451,move_right_pressed,192.110534667969,-1917.01696777344,33.3333320617676,0.0,Move_Right,pressed
161.551,jump_input_pressed,203.443878173828,-1917.01696777344,180.0,0.0,Jump,pressed
161.551,jump_executed,203.443878173828,-1917.01696777344,180.0,-500.0,jump,x_203.443878173828_y_-1917.01696777344
161.985,jump_peak_reached,259.42529296875,-2023.89111328125,180.0,39.8149261474609,jump_peak,x_259.42529296875_y_-2023.89111328125
162.032,jump_input_released,268.42529296875,-2020.04846191406,180.0,150.926040649414,Jump,released
162.15,platform_landed,273.258636474609,-1989.01025390625,0.0,0.0,land_on_platform,platform_scene-1/Tile Map/15_-110_layer_Tile Map_tile_15_-110_source_1_atlas_2_4
162.15,landed,273.258636474609,-1989.01025390625,0.0,0.0,land,surface_wood_impact_0.82037066650391
162.633,move_right_pressed,273.258636474609,-1989.01025390625,33.3333320617676,0.0,Move_Right,pressed
170.91,scene_transition,328.42529296875,-1989.01025390625,0.0,0.0,switch,from_res://Scenes/Main/scene-1.tscn_to_res://Scenes/Main/scene-2.tscn
170.91,session_end,328.42529296875,-1989.01025390625,0.0,0.0,,
